{
    "loss": 0.9051333069801331,
    "accuracy": 0.8706896305084229
}